\c cloud_management;

INSERT INTO USER_ VALUES(
        'USR000001',
        1,
        'John Smith',
        'johnsmith012@gmail.com',
        crypt('JSmth.012', gen_salt('bf')),
        0,
        'CREDIT CARD'
    ),
    (
        'USR000002',
        1,
        'George Russel',
        'georger1224@gmail.com',
        crypt('williamsgr', gen_salt('bf')),
        2000,
        'CREDIT CARD'
    ),
    (
        'USR000003',
        1,
        'Soumith Chintala',
        'soumith_chintala@facebook.com',
        crypt('pytorch', gen_salt('bf')),
        10000,
        'PAYPAL'
    ),
    (
        'USR000004',
        1,
        'Sundar Menor',
        'menor.sundar01@google.com',
        crypt('gcp', gen_salt('bf')),
        0,
        'NET BANKING'
    ),
    (
        'USR000005',
        1,
        'Clement Mihailescu',
        'clement.mihail@algoexpert.io',
        crypt('algoexpert', gen_salt('bf')),
        10,
        'CREDIT CARD'
    ),
    (
        'USR000006',
        1,
        'Andrej Karpathy',
        'karpathy@gmail.com',
        crypt('tesla', gen_salt('bf')),
        10000,
        'APPLE PAY'
    ),
    (
        'USR000007',
        1,
        'Jermy Lefebrve',
        'jermy.lfb@gmail.com',
        crypt('Financial Education', gen_salt('bf')),
        100,
        'CREDIT CARD'
    ),
    (
        'USR000008',
        1,
        'Toto Wolf',
        'toto.wolf@mercedes.com',
        crypt('suzie', gen_salt('bf')),
        1000,
        'DEBIT CARD'
    );

INSERT INTO PROJECT(PROJECT_ID) VALUES 
    ('cdsaml-32445'),
    ('pluck-rarity'),
    ('conda-menors'),
    ('google-20000'),
    ('facbook-ai20'),
    ('tesla-201922'),
    ('msft-2028341'),
    ('cobra-rare12'),
    ('labra213-123');

INSERT INTO ZONE VALUES 
                    -- a v  k  t  p       blk1  blk2  blk3 blk4   disk(peta) hdd,ssd, balanced, machine faimily, ec2, n1, n2, c2, a2
    ('us-central-a', (50,80,100,40,80), (10000,5000,8000,15000), (5000,500,3000),(1000,1200,200,500,50)),
    ('us-central-b', (0,80,100,40,80), (8000,3000,5000,10000), (3000,300,1000),(750,1000,100,300,0)),
    ('eu-east-a', (0,80,100,40,80), (15000,25000,18000,17000), (10000,1000,6000),(2000,3200,600,700,50)),
    ('eu-west-b', (50,80,100,40,80), (9000,13000,8000,7000), (6000,700,3000),(800,1200,400,200,20));

INSERT INTO HARDWARE VALUES
--      RACKID       ZONENAME       DISK        GPU         MACHINE      RAM
    ('blk1-00001', 'us-central-a', (5,1,5), (10,0,0,0,0), (0,0,0,0,10), 2500), --A2
    ('blk2-00001', 'us-central-a', (5,1,5), (10,0,0,0,0), (0,0,0,0,10), 1500), --A2
    ('blk3-00001', 'us-central-a', (5,5,5), (10,0,0,0,0), (0,0,0,0,10), 2500), --A2
    ('blk4-00001', 'us-central-a', (5,1,0), (10,0,0,0,0), (0,0,0,0,10), 2500), --A2
    
    ('blk1-00002', 'us-central-a', (5,5,5), (10,0,0,0,0), (0,0,0,0,10), 3500), --A2
    ('blk2-00002', 'us-central-a', (3,1,4), (0,15,25,5,25), (0,60,0,0,0), 1500), -- N1
    ('blk3-00002', 'us-central-a', (2,1,4), (0,15,25,5,25), (0,60,0,0,0), 1500), -- N1
    ('blk4-00002', 'us-central-a', (3,1,4), (0,10,20,10,10), (0,50,0,0,0), 1500), -- N1
    
    ('blk1-00003', 'us-central-a', (2,1,4), (0,20,25,10,20), (0,75,0,0,0), 1000), -- N1
    ('blk2-00003', 'us-central-a', (3,1,4), (0,20,5,10,0), (0,35,0,0,0), 1000), --N1
    ('blk3-00003', 'us-central-a', (2,1,4), (0,0,0,0,0), (200,0,50,50,0), 1000), -- ec2,N2,c2
    ('blk4-00003', 'us-central-a', (3,1,4), (0,0,0,0,0), (120,0,70,50,0), 1500), --ec2,N2,c2

    ('blk1-00004', 'us-central-a', (3,2,1), (0,0,0,0,0), (300,0,0,50,0), 1000), -- ec2, c2
    ('blk2-00004', 'us-central-a', (2,2,0), (0,0,0,0,0), (200,0,80,60,0), 900), --ec2,n2, c2
    ('blk3-00004', 'us-central-a', (3,2,1), (0,0,0,0,0), (100,0,20,30,0), 1500), --ec2,n2,c2
    ('blk4-00004', 'us-central-a', (2,2,0), (0,0,0,0,0), (200,0,10,20,0), 800), --ec2,n2,c2
    
    ('blk1-00001', 'us-central-b', (3,1,4), (0,15,25,5,25), (0,60,0,0,0), 1500), -- N1
    ('blk2-00001', 'us-central-b', (2,1,4), (0,15,25,5,25), (0,60,0,0,0), 1500), -- N1
    ('blk3-00001', 'us-central-b', (3,1,4), (0,10,20,10,10), (0,50,0,0,0), 1500), -- N1
    
    ('blk4-00001', 'us-central-b', (2,1,4), (0,20,25,10,20), (0,75,0,0,0), 1000), -- N1
    ('blk1-00002', 'us-central-b', (3,1,4), (0,20,5,10,0), (0,35,0,0,0), 1000), -- N1
    ('blk2-00002', 'us-central-b', (2,1,4), (0,0,0,0,0), (200,0,50,50,0), 1000), -- ec2, N2,c2
    ('blk3-00002', 'us-central-b', (3,1,4), (0,0,0,0,0), (120,0,70,50,0), 1500), -- ec2,N2,c2

    ('blk1-00003', 'us-central-b', (3,2,1), (0,0,0,0,0), (300,0,0,50,0), 1000), -- ec2, c2
    ('blk2-00003', 'us-central-b', (2,2,0), (0,0,0,0,0), (200,0,80,60,0), 900), --ec2,n2, c2
    ('blk3-00003', 'us-central-b', (3,2,1), (0,0,0,0,0), (100,0,20,30,0), 1500), --ec2,n2,c2
    ('blk4-00002', 'us-central-b', (2,2,0), (0,0,0,0,0), (200,0,10,20,0), 800), --ec2,n2,c2

    ('blk1-00001', 'eu-west-b', (5,1,5), (10,0,0,0,0), (0,0,0,0,10), 2500), --A2
    ('blk2-00001', 'eu-west-b', (5,1,5), (10,0,0,0,0), (0,0,0,0,10), 1500), --A2
    ('blk3-00001', 'eu-west-b', (5,5,5), (10,0,0,0,0), (0,0,0,0,10), 2500), --A2
    ('blk4-00001', 'eu-west-b', (5,1,0), (10,0,0,0,0), (0,0,0,0,10), 2500), --A2
    
    ('blk1-00002', 'eu-west-b', (5,5,5), (10,0,0,0,0), (0,0,0,0,10), 3500), --A2
    ('blk2-00002', 'eu-west-b', (3,1,4), (0,15,25,5,25), (0,60,0,0,0), 1500), -- N1
    ('blk3-00002', 'eu-west-b', (2,1,4), (0,15,25,5,25), (0,60,0,0,0), 1500), -- N1
    ('blk4-00002', 'eu-west-b', (3,1,4), (0,10,20,10,10), (0,50,0,0,0), 1500), -- N1
    
    ('blk1-00003', 'eu-west-b', (2,1,4), (0,20,25,10,20), (0,75,0,0,0), 1000), -- N1
    ('blk2-00003', 'eu-west-b', (3,1,4), (0,20,5,10,0), (0,35,0,0,0), 1000), --N1
    ('blk3-00003', 'eu-west-b', (2,1,4), (0,0,0,0,0), (200,0,50,50,0), 1000), -- ec2,N2,c2
    ('blk4-00003', 'eu-west-b', (3,1,4), (0,0,0,0,0), (120,0,70,50,0), 1500), -- ec2,N2,c2

    ('blk1-00004', 'eu-west-b', (3,2,1), (0,0,0,0,0), (300,0,0,50,0), 1000), -- ec2, c2
    ('blk2-00004', 'eu-west-b', (2,2,0), (0,0,0,0,0), (200,0,80,60,0), 900), --ec2, n2, c2
    ('blk3-00004', 'eu-west-b', (3,2,1), (0,0,0,0,0), (100,0,20,30,0), 1500), --ec2, n2,c2
    ('blk4-00004', 'eu-west-b', (2,2,0), (0,0,0,0,0), (200,0,10,20,0), 800), --ec2, n2,c2
    
    ('blk1-00001', 'eu-east-a', (3,1,4), (0,15,25,5,25), (0,60,0,0,0), 1500), -- N1
    ('blk2-00001', 'eu-east-a', (2,1,4), (0,15,25,5,25), (0,60,0,0,0), 1500), -- N1
    ('blk3-00001', 'eu-east-a', (3,1,4), (0,10,20,10,10), (0,50,0,0,0), 1500), -- N1
    
    ('blk4-00001', 'eu-east-a', (2,1,4), (0,20,25,10,20), (0,75,0,0,0), 1000), -- N1
    ('blk1-00002', 'eu-east-a', (3,1,4), (0,20,5,10,0), (0,35,0,0,0), 1000), --N1
    ('blk2-00002', 'eu-east-a', (2,1,4), (0,0,0,0,0), (200,0,50,50,0), 1000), -- ec2, N2,c2
    ('blk3-00002', 'eu-east-a', (3,1,4), (0,0,0,0,0), (120,0,70,50,0), 1500), -- ec2, N2,c2

    ('blk1-00004', 'eu-east-a', (3,2,1), (0,0,0,0,0), (300,0,0,50,0), 1000), -- c2
    ('blk2-00004', 'eu-east-a', (2,2,0), (0,0,0,0,0), (200,0,80,60,0), 900), --ec2, n2, c2
    ('blk3-00004', 'eu-east-a', (3,2,1), (0,0,0,0,0), (100,0,20,30,0), 1500), --ec2, n2,c2
    ('blk4-00004', 'eu-east-a', (2,2,0), (0,0,0,0,0), (200,0,10,20,0), 800); --ec2, n2,c2


INSERT INTO VM VALUES
    ('VM_0000001','imagan', 'Ubuntu-20.04', 'Stopped', TRUE, '10.1.1.0/24', '34.122.7.189', 'vmio-high', NULL, NULL, NULL,'blk1-00001','us-central-a', 'cdsaml-32445', 85,(1,0,0,0,0),(1,0,0),'A2'),
    ('VM_0000002','clara', 'Ubuntu-18.04', 'Stopped', FALSE, '10.1.2.0/24', '34.122.7.185', 'dlink-clas', NULL, NULL, NULL,'blk4-00001','us-central-b', 'pluck-rarity', 32,(0,2,0,0,0),(2,0,0),'N1'),
    ('VM_0000003','maximux', 'Ubuntu-12.04', 'Stopped', TRUE, '10.1.3.0/24', '34.122.7.187', 'tplink-mal', NULL, NULL, NULL,'blk4-00004','eu-west-b', 'tesla-201922', 64,(0,0,0,0,0),(0,1,0),'EC2'),    
    ('VM_0000004','silo', 'Ubuntu-14.04', 'Stopped', FALSE, '10.1.4.0/24', '34.122.7.183', 'crazy-sweeper', NULL, NULL, NULL,'blk1-00001','eu-east-a', 'facbook-ai20', 16,(0,0,0,0,0),(0,0,1),'N2');   

INSERT INTO RUNTIME VALUES
    ('VM_0000001','2021-10-10 00:00:00', 0.40, 0.00, 0.00, 0.00, '5:00:00', '5:00:00'),
    ('VM_0000002','2021-10-09 00:00:00', 0.40, 0.00, 0.00, 0.00, '2:00:00', '2:00:00'),
    ('VM_0000003','2021-10-09 00:00:00', 0.40, 0.00, 0.00, 0.00, '0:00:00', '1:00:00'),
    ('VM_0000004','2021-09-20 00:00:00', 0.40, 0.00, 0.00, 0.00, '0:00:00', '1:00:00');

INSERT INTO WORKED_ON VALUES 
    (
        'cdsaml-32445','USR000007'
    ),
    (
        'pluck-rarity','USR000005'
    ),
    (
        'tesla-201922','USR000006'
    ),
    (
        'facbook-ai20','USR000003'
    );

INSERT INTO MONITORS VALUES 
    (
        '2021-10-10','VM_0000001', (0.0, 0.0, 0.0, 0.0, 0.0, 0.0, 0.0),(0.0,0.0,0.0,0.0,0.0)
    ),
    (
        '2021-10-09','VM_0000002', (0.0, 0.0, 0.0, 0.0, 0.0, 0.0, 0.0),(0.0,0.0,0.0,0.0,0.0)
    ),
    (
        '2021-10-09','VM_0000003', (0.0, 0.0, 0.0, 0.0, 0.0, 0.0, 0.0),(0.0,0.0,0.0,0.0,0.0)
    ),
    (
        '2021-09-20','VM_0000004', (0.0, 0.0, 0.0, 0.0, 0.0, 0.0, 0.0),(0.0,0.0,0.0,0.0,0.0)
    );

INSERT INTO ACCESS VALUES 
    (
        'VM_0000001', 'USR000007'
    ),
    (
        'VM_0000002', 'USR000005'
    ),
    (
        'VM_0000003', 'USR000006'
    ),
    (
        'VM_0000004', 'USR000003'
    );

-- $2a$06$CFSzZe6HcTj76eGH7tka5uJ12jD6t5pMzDRc.vDmunQ2x9uHyEHma
-- $2a$06$Z7P.IZj5fCAU.M3TP8YhCuAtWwDRjuLoNKu/BNAijMjZE1xNLRbMu